competitor,plan_scored,x_entry_price_usd_per_seat_month_billed_annually,y_planning_features_on_plan_of_3,timeline_or_gantt,native_time_tracking,portfolios,source_url,second_source_url,checked_on
Asana,Starter,10.99,1,yes,no (Advanced),no (Advanced),https://asana.com/pricing,,2026-10-02
monday.com,Basic,9,0,no (Standard),no (Pro),no (Enterprise),https://monday.com/pricing,,2026-10-02
ClickUp,Unlimited,7,3,yes,yes,yes,https://clickup.com/pricing,,2026-10-02
Notion,Plus,10,1,yes (timeline view),not listed,not listed,https://www.notion.com/pricing,https://www.notion.com/help/timelines,2026-10-02
Your product,,,,,,,,,
Competitor A,,,,,,,,,
Competitor B,,,,,,,,,
Competitor C,,,,,,,,,
Competitor D,,,,,,,,,
Competitor E,,,,,,,,,
