company,wire,release_date,release_url,words,first_sentence_names_category,first_sentence_names_buyer,category_coding_note,buyer_coding_note,web_address,mentions_ai,customer_or_user_count,leader_or_leading_about_itself_or_product,ai_adjective_about_itself_or_product,trusted_by,headquartered,stock_ticker,founding_or_launch_year,innovat_word_about_itself_or_product,named_investors_or_funding,outcome_or_satisfaction_figure,other_about_paragraphs_in_release,other_about_type,first_sentence
OutRival,PR Newswire,2026-09-30,https://www.prnewswire.com/news-releases/outrival-appoints-former-nice-executive-shaun-sjolin-as-chief-customer-officer-302895072.html,109,0,0,says what it makes possible; no category,brands (generic),1,0,0,0,0,0,0,0,0,0,1,0,,,OutRival makes it possible for brands to genuinely care about every single person they serve.
Kong Inc.,PR Newswire,2026-09-30,https://www.prnewswire.com/news-releases/kong-named-a-leader-in-the-gartner-magic-quadrant-for-api-management-for-the-seventh-consecutive-year-302893947.html,56,1,0,the connectivity layer of AI,none named,1,1,0,0,0,1,0,0,0,0,0,0,,,"Kong Inc., the AI Connectivity Company, is building the connectivity layer of AI."
Commvault,PR Newswire,2026-09-30,https://www.prnewswire.com/news-releases/commvault-achieves-aws-data-competency-in-relational-databases-category-302894615.html,72,0,0,a leader in unified resilience: a term that does not say what is sold,enterprise scale (generic),0,1,0,1,1,0,0,1,0,0,0,0,,,Commvault (NASDAQ: CVLT) is a leader in unified resilience at enterprise scale.
Synopsys,PR Newswire,2026-09-30,https://www.prnewswire.com/news-releases/synopsys-details-growth-strategy-and-long-term-financial-model-at-2026-investor-day-302894684.html,66,1,0,engineering solutions from silicon to systems,customers (generic),1,1,0,1,0,0,0,1,0,1,0,0,,,"Synopsys, Inc. (Nasdaq: SNPS) is the leader in engineering solutions from silicon to systems, enabling customers to rapidly innovate AI-powered products."
Financial Software Solutions,PR Newswire,2026-09-30,https://www.prnewswire.com/news-releases/financial-software-solutions-launches-ai-powered-technology-the-fss-intelligence-engine-automating-document-review-for-bankruptcy-trustees-and-fiduciaries-302894953.html,88,0,1,modern fintech tools: a sector label with no job,fiduciaries and legal professionals,0,0,0,0,0,0,0,0,0,0,0,0,,,"Financial Software Solutions, LLC, (FSS) provides modern fintech tools that enhance productivity and mobility for fiduciaries and legal professionals."
Apollo.io,PR Newswire,2026-09-30,https://www.prnewswire.com/news-releases/apollo-reveals-the-ai-gtm-system-bringing-data-intelligence-and-execution-into-a-single-engine-ushering-in-the-future-of-go-to-market-302894473.html,65,1,0,the AI GTM System,every business (generic),1,1,1,0,0,1,0,0,0,0,0,0,,,"Apollo is the AI GTM System that uniquely combines data, intelligence, and execution in one loop helping every business find and win their next customer."
Nuventive,PR Newswire,2026-09-30,https://www.prnewswire.com/news-releases/nuventive-introduces-ai-powered-executive-summary-to-deliver-institution-wide-insights-at-scale-302894839.html,42,1,1,"one platform for assessment, program review and strategic planning",higher education institutions,0,0,0,0,0,0,0,0,0,0,0,0,,,"Nuventive, the data-informed improvement company™, helps higher education institutions manage assessment, program review, strategic planning, and other improvement initiatives in one flexible platform."
IGEL,PR Newswire,2026-09-30,https://www.prnewswire.com/news-releases/igel-bcdr-streamlines-endpoint-recovery-readiness-with-omnissa-workspace-one-uem-automation-302893814.html,147,1,0,endpoint platform for secure access,"for secure access is the product's job, not a market",1,0,0,0,0,0,1,0,1,0,0,0,,,"IGEL® is a global software company delivering the IGEL Adaptive Secure Endpoint Platform™, a trusted and governed endpoint platform for secure access to cloud, VDI, DaaS, SaaS, Secure Browsers, enterprise applications, as well as OT endpoints."
FINBOA,PR Newswire,2026-09-30,https://www.prnewswire.com/news-releases/finboa-names-kevin-feagan-as-chief-revenue-officer-to-accelerate-next-phase-of-growth-302894838.html,119,1,1,intelligent process automation software,"banks, credit unions, and financial service providers",1,1,1,1,0,1,1,0,0,0,0,0,,,"FINBOA is a leading provider of intelligent process automation software for banks, credit unions, and financial service providers."
LateralCare,PR Newswire,2026-09-30,https://www.prnewswire.com/news-releases/revenue-alai-by-lateralcare-available-on-the-microsoft-marketplace-302894434.html,67,0,0,a healthcare technology company (sector label),healthcare only labels the company and its job,1,1,0,0,1,0,0,0,0,0,0,0,,,LateralCare is a healthcare technology company dedicated to responsibly integrating Agentic AI to transform complex healthcare operations.
Gong,PR Newswire,2026-09-30,https://www.prnewswire.com/news-releases/gong-announces-mission-callisto-unveils-sales-enrichment-layer-for-revenue-teams-302893939.html,78,0,1,harnesses the power of AI; no category,revenue teams,1,1,1,0,0,0,0,0,0,0,0,0,,,Gong harnesses the power of AI to transform how revenue teams win.
TrustEngine,PR Newswire,2026-09-30,https://www.prnewswire.com/news-releases/trustengine-names-brandon-durham-vice-president-of-adoption-and-partnerships-302894659.html,102,0,0,builds technology (generic),borrowers are end users; the mortgage process is the job,1,0,0,1,0,0,0,0,0,0,0,0,,,TrustEngine builds technology that earns borrower trust and lifts conversion across the mortgage process.
OpenMetal,PR Newswire,2026-09-30,https://www.prnewswire.com/news-releases/openmetal-acquires-economize-launches-labs-to-help-businesses-optimize-their-cloud-and-ai-infrastructure-302894460.html,13,1,0,dedicated cloud and GPU infrastructure,none named,1,0,0,0,0,0,0,0,0,0,0,0,Economize,acquisition,OpenMetal (https://openmetal.io/) delivers dedicated cloud and GPU infrastructure without the public cloud markup.
Rokt,PR Newswire,2026-09-30,https://www.prnewswire.com/news-releases/fortune-media-and-great-place-to-work-name-rokt-to-2026-best-workplaces-in-advertising--marketing-list-302894620.html,80,0,0,"global leader in ecommerce: an industry, too broad to say what is sold",none named,1,1,0,1,0,0,1,0,0,0,0,0,the Fortune Best Workplaces in Advertising & Marketing List; Great Place To Work; Fortune Media,award,"Rokt is the global leader in ecommerce, unlocking real-time relevance in the moment that matters most—the Transaction Moment®."
Querit,PR Newswire,2026-09-30,https://www.prnewswire.com/news-releases/querit-search-api-launches-code-search-for-ai-coding-agents-302894012.html,40,1,1,a search infrastructure company,developers,1,1,0,0,0,0,1,0,1,0,0,0,,,"Founded in 2025 and headquartered in Singapore, Querit is a search infrastructure company purpose-built for AI that empowers developers to build systems capable of efficiently searching, retrieving, and processing information from the Open Web."
Britive,PR Newswire,2026-09-30,https://www.prnewswire.com/news-releases/britive-launches-frictionless-pam-transformation-program-to-modernize-privileged-access-for-the-autonomous-era-302893915.html,149,1,0,the runtime authorization platform for privileged access,for privileged access is the product's job; the modern enterprise (generic),1,1,0,0,0,0,0,0,0,0,0,0,,,"Britive is the runtime authorization platform for privileged access across every identity that runs the modern enterprise: AI agents, non-human identities, and people."
Knack,PR Newswire,2026-09-30,https://www.prnewswire.com/news-releases/knack-appoints-tim-costantino-as-chief-product-officer-to-lead-healthcare-expansion-302893308.html,54,1,0,a no-code platform to build custom database applications,teams (generic),1,1,0,0,0,0,0,0,0,0,0,0,,,Knack is a no-code platform that gives teams the tools to build custom database applications without writing code.
Neutrinos,PR Newswire,2026-09-30,https://www.prnewswire.com/news-releases/neutrinos-launches-kamios-to-take-enterprise-ai-from-pilot-to-production-in-insurance-and-other-regulated-industries-302894251.html,74,0,0,says what it transforms; no category,none named,1,1,1,0,1,1,0,0,0,0,0,0,Kamios,product,"Neutrinos transforms fragmented, manual processes into connected, intelligent operations."
Clio,PR Newswire,2026-09-30,https://www.prnewswire.com/news-releases/clio-acquires-learned-hand-302893566.html,127,1,0,the global leader in legal AI (a field narrow enough to say what is sold),legal only labels the category,1,1,0,1,0,1,0,0,0,0,0,0,,,Clio is the global leader in legal AI.
Sublime Security,PR Newswire,2026-09-30,https://www.prnewswire.com/news-releases/sublime-security-launches-email-dlp-becoming-the-first-platform-to-deliver-agentic-email-security-for-both-inbound-threat-detection-and-outbound-data-protection-302893893.html,45,0,0,says what it stops (email attacks); no category,none named,1,1,0,0,0,0,0,0,0,0,0,0,,,Sublime stops more email attacks with less work.
Pluralsight,PR Newswire,2026-09-30,https://www.prnewswire.com/news-releases/pluralsight-research-finds-96-of-organizations-have-invested-in-ai-yet-only-half-say-their-workforce-is-ai-literate-302893589.html,89,0,0,says what it helps organizations build; no category,organizations (generic),1,1,0,1,0,0,0,0,0,0,0,0,,,Pluralsight helps organizations build the technology workforce capabilities they need to execute their most critical priorities.
OnBoard,PR Newswire,2026-09-30,https://www.prnewswire.com/news-releases/onboard-launches-ai-assist-the-first-full-context-semantic-ai-in-board-management-302894476.html,36,1,0,board management software,"7,000 organizations (generic); for meeting preparation is the product's job",1,0,1,0,0,0,0,0,0,0,0,0,,,"Serving more than 7,000 organizations across 60 countries, OnBoard provides board management software for meeting preparation, collaboration, and governance records."
MediaRadar,PR Newswire,2026-09-30,https://www.prnewswire.com/news-releases/mediaradar-launches-insights-studio-an-ai-native-intelligence-platform-built-for-people-and-agents-302893677.html,83,0,1,the intelligence they need (no job named),"marketing, sales and analytics leaders",1,1,0,0,1,0,0,0,0,0,0,0,,,"MediaRadar equips marketing, sales and analytics leaders with the intelligence they need to stay ahead."
Accela,PR Newswire,2026-09-30,https://www.prnewswire.com/news-releases/accela-builds-momentum-for-accelarate-2026-bringing-government-innovators-and-technology-leaders-together-in-new-orleans-302893810.html,47,0,1,"an AI-powered, end-to-end platform (no job named)",state and local agencies,0,1,1,0,1,0,0,0,0,0,0,0,,,"Accela gives state and local agencies an AI-powered, end-to-end platform to meet rising resident expectations."
Miter,PR Newswire,2026-09-30,https://www.prnewswire.com/news-releases/miter-the-ai-platform-for-construction-raises-40-million-for-the-built-world-302893778.html,95,1,1,"AI-native operating system for workforce, job costs and jobsite execution",contractors,1,1,1,0,1,0,0,0,0,0,1,0,,,"Driven by a vision of a better built world, Miter's AI-native operating system makes it easier and faster to build critical infrastructure by empowering the next generation of contractors to strengthen their workforce, control job costs and accelerate jobsite execution."
Progress Software,GlobeNewswire,2026-10-01,https://www.globenewswire.com/news-release/2026/10/01/3373061/0/en/progress-software-connects-enterprise-knowledge-across-business-systems-with-new-agentic-rag-capabilities.html,62,0,0,provides context and control; no category,organizations (generic),1,1,0,0,0,0,0,1,0,0,0,0,,,"Progress Software (Nasdaq: PRGS) provides the context and control organizations need to reliably extract value from AI—context drawn from an organization's data, content and workflows, and control over the security, governance and cost of their AI initiatives."
Telos Corporation,GlobeNewswire,2026-10-01,https://www.globenewswire.com/news-release/2026/10/01/3373305/0/en/telos-corporation-wins-new-xacta-contract-with-u-s-department-of-commerce-office-of-inspector-general.html,102,0,0,secure solutions (generic),"security-conscious organizations (an attitude, not a group)",1,0,0,0,0,0,0,1,0,0,0,0,,,"Telos Corporation (NASDAQ: TLS) empowers and protects the world's most security-conscious organizations with efficient, adaptable, and secure solutions that safeguard people, systems, and information."
Illumio,GlobeNewswire,2026-10-01,https://www.globenewswire.com/news-release/2026/10/01/3373154/0/en/john-kindervag-and-the-cybersecurity-leaders-who-helped-define-modern-zero-trust-release-new-book-for-the-ai-era.html,76,1,0,the leader in ransomware and breach containment (a field narrow enough to say what is sold),organizations (generic),0,1,0,1,0,0,0,0,0,0,0,0,,,"Illumio is the leader in ransomware and breach containment, redefining how organizations contain cyberattacks and enable operational resilience."
Tatari,GlobeNewswire,2026-10-01,https://www.globenewswire.com/news-release/2026/10/01/3373344/0/en/tatari-marks-10-years-of-tv-innovation-and-announces-forward-2026-speaker-lineup.html,94,1,1,infrastructure to modernize TV advertising,"brands, agencies and publishers",1,0,1,0,0,0,1,0,0,1,0,0,,,"Tatari is building the infrastructure to modernize TV advertising for brands, agencies and publishers."
Plutou,GlobeNewswire,2026-10-01,https://www.globenewswire.com/news-release/2026/10/01/3373294/0/en/plutou-launches-ai-native-operations-platform-for-textile-collection-companies.html,48,0,0,mission statement,none named,1,1,0,0,1,0,0,0,0,0,0,0,,,Plutou is on a mission to change how the world deals with waste.
Spur Intelligence,GlobeNewswire,2026-10-01,https://www.globenewswire.com/news-release/2026/10/01/3373287/0/en/spur-evolves-executive-leadership-to-support-next-phase-of-growth.html,54,1,0,IP intelligence to detect obscured internet traffic,you (generic),0,0,0,0,0,0,0,0,0,0,0,0,,,"Spur delivers the highest-fidelity IP intelligence available to detect anonymized, proxied, or otherwise obscured internet traffic, empowering you to stop fraud, fake users, and threats."
Motivosity,GlobeNewswire,2026-10-01,https://www.globenewswire.com/news-release/2026/10/01/3373278/0/en/motivosity-named-ashhra-preferred-partner-ap3-for-healthcare-employee-recognition-and-engagement.html,66,1,0,Recognition and Rewards solution,companies that know culture is not a perk (generic),0,0,0,0,0,0,0,0,0,0,0,0,,,Motivosity is the only people-first Recognition and Rewards solution built to strengthen human connection for companies that know culture isn't a perk; it's what drives the business.
Cogility Software,GlobeNewswire,2026-10-01,https://www.globenewswire.com/news-release/2026/10/01/3373223/0/en/cogility-and-carahsoft-partner-to-deliver-advanced-decision-intelligence-solutions-for-the-public-sector.html,124,1,1,a decision intelligence platform,government agencies and commercial organizations,1,1,0,0,0,0,0,0,0,0,0,0,Carahsoft's AI Portfolio; Carahsoft,partner,"Cogility develops a decision intelligence platform for government agencies and commercial organizations operating in complex, high-consequence environments."
Pixability,GlobeNewswire,2026-10-01,https://www.globenewswire.com/news-release/2026/10/01/3373157/0/en/pixability-launches-new-solution-to-help-advertisers-avoid-ai-slop-on-youtube.html,111,1,1,technology and data company for advertising on YouTube,the world's largest brands and their agencies,1,1,0,1,1,0,0,0,0,0,0,0,,,"Pixability is the leading AI-driven technology and data company empowering the world's largest brands and their agencies to maximize the value of their advertising, organic and creator strategies on YouTube."
Intouch Insight,GlobeNewswire,2026-10-01,https://www.globenewswire.com/news-release/2026/10/01/3373023/0/en/average-drive-thru-visit-is-the-fastest-since-2018-intouch-insight-s-26th-annual-drive-thru-study-finds.html,41,1,1,a customer experience (CX) solutions company,multi-location brands,0,0,1,0,0,0,0,0,0,0,0,0,the Study,study (not an organization),"Intouch Insight is a customer experience (CX) solutions company, specializing in helping multi-location brands achieve operational excellence and exceed customer expectations."
Definitive Healthcare,GlobeNewswire,2026-10-01,https://www.globenewswire.com/news-release/2026/10/01/3372995/0/en/definitive-healthcare-joins-the-network-advertising-initiative-to-strengthen-data-privacy-compliance-in-healthcare-marketing.html,52,1,0,a data and analytics company focused on the business side of healthcare,"the business side of healthcare describes the data, not who buys",0,0,0,0,0,0,0,0,0,0,0,0,the NAI,industry body,Definitive Healthcare is a data and analytics company focused on the business side of healthcare.
Point Predictive,GlobeNewswire,2026-10-01,https://www.globenewswire.com/news-release/2026/10/01/3372951/0/en/union-credit-adds-point-predictive-s-autopass-to-strengthen-fraud-screening-across-its-marketplace.html,95,0,0,powers lending confidence; no category,none named,1,1,0,0,0,0,0,0,0,0,0,0,Union Credit,customer,"Point Predictive powers a new level of lending confidence and speed through artificial intelligence, powerful data insights from our proprietary data repository, and decades of risk management expertise."
"Airship AI Holdings, Inc.",GlobeNewswire,2026-10-01,https://www.globenewswire.com/news-release/2026/10/01/3372953/0/en/airship-ai-announces-29-0m-of-firm-fixed-price-brand-name-only-awards-from-department-of-homeland-security.html,82,0,0,a technology company (generic),none named,0,1,0,0,1,0,1,1,1,0,0,0,,,"Founded in 2006, Airship AI (NASDAQ: AISP) is a U.S. owned and operated technology company headquartered in Redmond, Washington."
Helport AI,GlobeNewswire,2026-10-01,https://www.globenewswire.com/news-release/2026/10/01/3372908/0/en/helport-ai-publishes-white-paper-on-ai-labor-and-the-evolution-of-enterprise-digital-workforces.html,76,1,0,intelligent communication software,enterprise clients (generic),1,1,0,0,0,0,0,1,0,0,0,0,,,Helport AI (NASDAQ: HPAI) is a global AI workforce infrastructure company providing intelligent communication software and services to enterprise clients.
Global-e,GlobeNewswire,2026-10-01,https://www.globenewswire.com/news-release/2026/10/01/3372854/0/en/global-e-appoints-tomer-gold-as-chief-revenue-officer.html,110,1,0,"platform enabling global, Direct-To-Consumer e-commerce",no customer group named,1,0,1,1,0,0,0,1,0,0,0,0,,,"Global-e (Nasdaq: GLBE) is the world's leading platform enabling and accelerating global, Direct-To-Consumer e-commerce."
Huntress,GlobeNewswire,2026-10-01,https://www.globenewswire.com/news-release/2026/10/01/3372568/0/en/huntress-accelerates-european-expansion-through-new-also-partnership.html,173,0,0,a global cybersecurity company (sector label),all businesses (generic),0,1,0,0,0,0,0,0,0,0,0,0,ALSO,partner,Huntress is a global cybersecurity company on a mission to make enterprise-grade products accessible to all businesses.
PULPO WMS,GlobeNewswire,2026-09-30,https://www.globenewswire.com/news-release/2026/09/30/3372288/0/en/pulpo-wms-launches-merchant-portal-and-activity-based-billing-turning-the-warehouse-into-a-self-service-business-for-3pls.html,44,1,1,a cloud-based warehouse management system,"e-commerce brands, fulfillment companies and third-party logistics providers",0,0,0,0,0,0,0,0,0,0,0,1,,,"PULPO WMS is a cloud-based warehouse management system for e-commerce brands, fulfillment companies and third-party logistics providers."
ESET,GlobeNewswire,2026-09-30,https://www.globenewswire.com/news-release/2026/09/30/3372060/0/en/eset-evolves-portfolio-for-the-ai-era-delivering-effortless-cybersecurity-as-a-service.html,124,0,0,says what it protects; no category,"organizations and individuals (generic); critical infrastructure names assets, not a customer group",1,1,1,0,0,0,1,0,0,1,0,0,,,"ESET protects organizations, critical infrastructure, and individuals, helping them build digital resilience and confidence in an increasingly AI-driven world."
Teads,GlobeNewswire,2026-09-29,https://www.globenewswire.com/news-release/2026/09/29/3370514/0/en/teads-and-koddi-announce-global-partnership-to-advance-programmatic-access-to-retail-media.html,91,1,1,omnichannel advertising platform,brand and performance advertisers,1,1,1,1,0,0,1,1,0,0,0,0,Koddi; Wolt,partner,"Teads Holding Co. (""Teads"") (Nasdaq: TEAD) is a leading omnichannel advertising platform focused on driving outcomes for brand and performance advertisers across screens."
Crosslist,GlobeNewswire,2026-09-30,https://www.globenewswire.com/news-release/2026/09/30/3372451/0/en/crosslist-leading-software-tool-for-online-sellers-unveils-best-practices-for-integrating-saas-solutions-with-woocommerce.html,89,1,1,a software tool to publish one listing across 11+ marketplaces,online sellers,0,1,0,0,0,0,0,0,0,0,0,0,,,"Crosslist® is a software tool for online sellers that lets them create a product listing once and automatically publish it across 11+ marketplaces (like eBay, Poshmark, Etsy, etc.), aiming to increase sales by reaching more buyers with minimal extra work."
EXL,GlobeNewswire,2026-09-30,https://www.globenewswire.com/news-release/2026/09/30/3372252/9060/en/exl-s-seventh-sustainability-report-showcases-continued-measurable-progress-across-csr-emissions-reductions-renewable-energy-and-responsible-ai-governance.html,106,0,0,a global data and AI company (generic),clients (generic),0,1,0,0,0,0,1,1,1,1,0,0,,,"EXL (NASDAQ: EXLS) is a global data and AI company that offers services and solutions to reinvent client business models, drive better outcomes and unlock growth with speed."
Caelith AI,GlobeNewswire,2026-10-01,https://www.globenewswire.com/news-release/2026/10/01/3373286/0/en/yfcon-2026-exhibitor-fypro-ai-helps-creators-turn-bfcm-product-partnerships-into-content-that-sells.html,83,0,0,builds the foundations of autonomous commerce; no category,none named,0,1,0,0,0,0,1,0,1,0,0,0,Fypro.ai,product,"Founded in 2025 and headquartered in Southern California, Caelith AI builds the foundations of autonomous commerce, the idea that commerce decisions can be made and executed by AI."
Zscaler,GlobeNewswire,2026-09-30,https://www.globenewswire.com/news-release/2026/09/30/3371551/0/en/new-zscaler-report-reveals-ai-assisted-attackers-move-to-massive-data-theft-executive-targeting-and-millions-in-extortion-payments.html,69,0,0,accelerates digital transformation; no category,customers (generic),0,0,0,0,0,0,0,1,0,0,0,0,,,"Zscaler (NASDAQ: ZS) accelerates digital transformation so customers can be more agile, efficient, resilient, and secure."
Syncfusion,GlobeNewswire,2026-09-29,https://www.globenewswire.com/news-release/2026/09/29/3371212/0/en/syncfusion-announces-devtutorials-ai.html,110,1,0,"developer control suites, embeddable BI platforms",developer only labels the product,0,0,0,0,0,0,1,0,1,0,0,0,,,"Headquartered in the technology hub of Research Triangle Park, NC, Syncfusion, Inc. delivers an award-winning ecosystem of compatible developer control suites, embeddable BI platforms, and business software."
Datasite,GlobeNewswire,2026-09-29,https://www.globenewswire.com/news-release/2026/09/29/3370889/0/en/datasite-announces-leadership-appointments-to-advance-connected-m-a-infrastructure-strategy.html,80,1,1,the essential infrastructure for M&A,for M&A,1,1,0,0,0,0,0,0,0,0,0,0,,,Datasite is the essential infrastructure for M&A.
Workday,PR Newswire,2026-10-01,https://www.prnewswire.com/news-releases/workday-launches-in-the-uae-to-help-organisations-transform-hr-finance-and-it-in-the-ai-era-302896202.html,76,0,1,operates at the heart of the enterprise; no category,"HR, finance, and IT (named departments)",1,1,1,0,0,0,0,0,0,0,0,0,,,"Workday operates at the heart of the enterprise, HR, finance, and IT – where the margin for error is effectively zero."
Gusto,PR Newswire,2026-10-01,https://www.prnewswire.com/news-releases/gusto-simplifies-hr-and-compliance-for-growing-small-businesses-302895875.html,54,0,1,partner is not a product type; the jobs come later,small businesses,0,0,1,1,0,0,0,0,0,0,0,0,,,"Gusto is the leading partner for small businesses, helping them with a wide variety of critical tasks, including payroll, health benefits, tax credits, compliance, 401(k), HR, and much more."
iCIMS,PR Newswire,2026-10-01,https://www.prnewswire.com/news-releases/icims-customers-rate-platform-above-talent-acquisition-vendor-average-across-12-categories-in-2026-idc-saas-customer-satisfaction-award-302896136.html,95,1,0,the talent acquisition platform,organizations (generic),1,1,0,0,0,1,0,0,0,1,0,0,,,ICIMS is the talent acquisition platform built to help organizations hire at enterprise scale.
OpenText,PR Newswire,2026-10-01,https://www.prnewswire.com/news-releases/opentext-completes-1-0-billion-senior-secured-notes-offering-302896103.html,37,1,0,global leader in data management (a field narrow enough to say what is sold),"for enterprise AI names a technology, not a market; organizations (generic)",0,1,0,1,0,0,0,0,0,0,0,0,,,"OpenText™ is a global leader in data management for enterprise AI, helping organizations protect, govern, and activate their data with confidence."
Limble,PR Newswire,2026-10-01,https://www.prnewswire.com/news-releases/limble-acquires-fm360s-professional-services-business-names-founder-john-rimer-vp-of-professional-services-302896096.html,78,1,0,maintenance and asset management platform,"3,500 customers (generic)",1,0,1,0,0,1,0,0,0,0,0,0,,,"Limble is the modern maintenance and asset management platform trusted by over 3,500 customers globally."
Benji Pays,PR Newswire,2026-10-01,https://www.prnewswire.com/news-releases/benji-pays-joins-the-sherweb-marketplace-bringing-accounts-receivable-automation-to-more-north-american-msps-302896328.html,48,1,0,an accounts receivable automation platform,businesses (generic),0,0,0,0,0,0,0,0,0,0,0,0,,,Benji Pays is an accounts receivable automation platform that helps businesses get paid faster with less manual work.
RocketReach,PR Newswire,2026-10-01,https://www.prnewswire.com/news-releases/rocketreach-enriches-ai-revenue-operations-through-strategic-data-partnership-with-gong-302896210.html,60,1,0,sales and lead intelligence platform,users (generic); 95% of the S&P 500 is a size badge,1,0,1,1,0,1,0,0,0,0,0,0,,,RocketReach is the leading sales and lead intelligence platform trusted by more than 30 million users and 95% of the S&P 500.
SentiLink,PR Newswire,2026-10-01,https://www.prnewswire.com/news-releases/sentilink-receives-usda-authority-to-operate-to-support-snap-fraud-prevention-302894302.html,160,0,0,helps organizations answer one question; no category,organizations (generic),0,0,1,0,0,0,1,0,1,0,1,0,,,SentiLink helps organizations answer one fundamental question: who are you?
Bentek,PR Newswire,2026-10-01,https://www.prnewswire.com/news-releases/bentek-names-kevin-smith-chief-technology-officer-as-company-advances-ai-and-govramp-strategy-302896229.html,77,0,1,says what it has helped do; no category,public sector organizations,0,0,0,0,0,0,0,0,1,0,0,1,,,"Since 2006, Bentek has helped public sector organizations manage complex benefits programs for active employees, retirees, dependents and administrators."
ioki,PR Newswire,2026-10-01,https://www.prnewswire.com/news-releases/ioki-expands-into-the-us-first-customer-won-own-us-subsidiary-established-302896167.html,64,1,1,market leader for on-demand transport (a field narrow enough to say what is sold),for digital mobility; for on-demand transport,1,0,0,1,0,0,0,0,0,0,0,0,,,ioki is Europe's leading technology company for digital mobility and the market leader for on-demand transport in the DACH region.
Modaxo,PR Newswire,2026-10-01,https://www.prnewswire.com/news-releases/modaxo-launches-novvan-and-routeward-302896115.html,52,0,0,a global technology organization (generic),the world's people (generic),1,0,0,0,0,0,0,0,0,0,0,0,Conduent (seller of the two acquired businesses),acquisition,Modaxo is a global technology organization that is passionate about moving the world's people.
Lightbeam Health Solutions,PR Newswire,2026-10-01,https://www.prnewswire.com/news-releases/lightbeam-health-solutions-and-chartspan-partner-to-unify-device-based-and-deviceless-remote-patient-monitoring-within-value-based-care-302896132.html,75,1,1,"platform, solutions and services leader for population health management",for population health management,1,1,0,1,1,0,0,0,0,0,0,0,ChartSpan,partner,"Lightbeam Health is a proven, AI-enabled platform, solutions, and services leader for population health management."
Parakeet Health,PR Newswire,2026-10-01,https://www.prnewswire.com/news-releases/parakeet-health-raises-10-million-series-a-following-10x-growth-and-rapid-enterprise-adoption-302895793.html,90,1,0,conversational agentic platform for patient-access workflows,"patients are end users, not buyers",1,1,0,0,0,0,0,0,0,0,1,0,,,"Parakeet Health is a conversational agentic platform that automates burdensome patient-access workflows, helping connect patients with booked appointments, reduce administrative burden and support continuity of care."
Electric Power Group,PR Newswire,2026-10-01,https://www.prnewswire.com/news-releases/electric-power-group-acquires-grid-protection-alliance-302895601.html,62,1,0,provider of synchrophasor-based grid monitoring solutions,none named,1,0,0,1,0,0,0,0,0,0,0,0,Grid Protection Alliance,acquisition,"Electric Power Group, LLC (EPG) is a leading provider of synchrophasor-based grid monitoring, visualization, analytics, and wide-area situational awareness solutions."
Bloomberg,PR Newswire,2026-10-01,https://www.prnewswire.com/news-releases/bloomberg-completes-canoe-intelligence-acquisition-advancing-strategy-to-transform-private-markets-investing-302894795.html,61,1,0,global leader in business and financial information (a field narrow enough to say what is sold),markets (generic),1,0,0,1,0,0,0,0,0,0,0,0,"Canoe Intelligence, a Bloomberg Company",acquisition,"Bloomberg is a global leader in business and financial information, delivering trusted data, news, and insights that bring transparency, efficiency, and fairness to markets."
Action1,PR Newswire,2026-10-01,https://www.prnewswire.com/news-releases/action1-doubles-endpoint-coverage-at-no-cost-for-cybersecurity-awareness-month-302896094.html,124,1,0,an autonomous patch management platform,Fortune 500 companies is a size badge,0,0,0,0,0,1,0,0,0,0,0,0,,,Action1 is an autonomous patch management platform trusted by many Fortune 500 companies.
eMoney Advisor,PR Newswire,2026-10-01,https://www.prnewswire.com/news-releases/new-emoney-experience-gives-prospects-a-personalized-financial-picture-in-minutes-302896097.html,65,0,0,technology solutions and services (generic),people (generic),1,0,1,0,0,0,0,0,0,0,0,0,,,"eMoney Advisor, LLC (""eMoney"") provides technology solutions and services that help people talk about money."
Semperis,PR Newswire,2026-10-01,https://www.prnewswire.com/news-releases/semperis-opens-call-for-papers-for-hip-conference-europe-2027--frankfurt-february-9-302896073.html,194,1,1,cyber resilience and crisis management company,the world's largest enterprises and government agencies,1,1,1,0,1,1,1,0,0,0,0,0,the Hybrid Identity Protection Conference,event (not an organization),Semperis is the identity-driven cyber resilience and crisis management company trusted by the world's largest enterprises and government agencies to protect critical identity systems.
Mark43,PR Newswire,2026-10-01,https://www.prnewswire.com/news-releases/mark43-appoints-alison-durant-as-chief-marketing-officer-302895660.html,98,0,1,modern technology (generic),"state, local, and federal agencies",1,1,1,0,0,1,0,0,0,1,0,0,,,"Mark43 brings modern technology to enhance public safety, making state, local, and federal agencies faster, smarter, and their communities safer."
TechSee,PR Newswire,2026-10-01,https://www.prnewswire.com/news-releases/glintt-life-wins-silver-in-best-in-biz-awards-2026-international-with-techsee-302896046.html,62,1,0,Visual AI-powered platform for customer service,customer service is the product's job,1,1,0,1,1,1,0,0,0,0,0,0,Glintt Life,customer,TechSee is the leading Visual AI-powered platform harnessing vision to transform customer service.
Verana Health,PR Newswire,2026-10-01,https://www.prnewswire.com/news-releases/verana-health-introduces-significant-data-and-ai-enhancements-to-support-ophthalmologic-research-and-treatment-optimization-302894993.html,87,0,0,a digital health company (sector label),none named,1,1,0,0,0,0,0,0,0,0,0,0,,,"Verana Health, Inc.® is a digital health company revolutionizing patient care and clinical research by utilizing physician expertise and artificial intelligence to unlock the true potential of real-world data."
Sabre,PR Newswire,2026-10-01,https://www.prnewswire.com/news-releases/sabre-elects-rochelle-boas-chief-legal-and-administrative-officer-302895648.html,93,0,0,slogan fragment,travel only labels the slogan,1,1,0,1,1,0,0,0,0,1,0,0,,,Powering the agentic revolution in travel.
PakEnergy,PR Newswire,2026-10-01,https://www.prnewswire.com/news-releases/new-ai-from-pakenergy-increases-plunger-lift-revenue-up-to-30-per-well-while-reducing-lifting-costs-302895936.html,70,1,1,"software connecting the field, back office and executive team",upstream and midstream oil and gas organizations,1,1,0,0,0,0,0,0,0,0,0,0,,,"PakEnergy, LLC (A Delaware LLC) provides software for upstream and midstream oil and gas organizations, connecting the field, the back office, and the executive team on one platform."
Fresha,PR Newswire,2026-10-01,https://www.prnewswire.com/news-releases/fresha-returns-as-mega-sponsor-of-hairfest-with-a-star-studded-global-lineup-302896224.html,86,1,1,AI-powered booking platform,for beauty and wellness,1,1,1,1,1,1,0,0,0,0,0,0,,,"Fresha is the world's leading AI-powered booking platform for beauty and wellness, trusted by over 130,000 partner businesses across more than 120 countries."
Parambil,PR Newswire,2026-10-01,https://www.prnewswire.com/news-releases/parambil-selected-by-cm-injury-trial-lawyers-for-ai-powered-medical-records-analysis-302896258.html,47,1,1,an AI platform for complex medical litigation,for complex medical litigation,1,1,0,0,1,0,0,0,0,0,0,0,CM Injury Trial Lawyers,customer,Parambil is an AI platform purpose-built for complex medical litigation.
Appier,PR Newswire,2026-09-30,https://www.prnewswire.com/news-releases/appier-research-accepted-at-neurips-ai-agents-learn-not-only-to-use-tools-but-to-build-their-own-302894483.html,88,1,0,AdTech and MarTech solutions,none named,1,1,0,0,1,0,0,1,1,0,0,0,,,Appier (TSE: 4180) is an AI-native Agentic AI as a Service (AaaS) company that empowers business decision-making with cutting-edge AdTech and MarTech solutions.
Thinkfree,PR Newswire,2026-09-30,https://www.prnewswire.com/news-releases/thinkfree-launches-embeddable-document-editor-sdk-for-ai-app-developers-302891328.html,81,0,0,history of the technology,none named,1,0,0,0,0,0,0,0,0,0,0,0,,,"Thinkfree's document technology has roots in the early development of web-based office software, including Thinkfree Office, the world's first web-based office editor, unveiled at the DEMO 2000 conference in California."
Coupler.io,PR Newswire,2026-09-30,https://www.prnewswire.com/news-releases/couplerio-launches-coupler-ai-for-conversational-data-preparation-analysis-and-reporting-302894394.html,29,1,0,a no-code data integration platform,users (generic),0,1,0,0,0,0,0,0,0,0,0,0,,,"Coupler.io is a no-code data integration platform and AI analytics that allows users to connect, manage, store, visualize, analyze data, and access a world of insights in one place."
Tote AI,PR Newswire,2026-09-30,https://www.prnewswire.com/news-releases/tote-ai-launches-hq-genie-ai-an-industry-first-ai-agent-for-faster-smarter-convenience-store-operations-302893894.html,62,1,1,the AI-native commerce platform,for convenience retail,0,1,0,0,1,0,0,0,0,0,0,0,,,Tote AI is building the AI-native commerce platform for convenience retail.
Guesty,PR Newswire,2026-09-30,https://www.prnewswire.com/news-releases/guesty-and-column-partner-to-modernize-the-financial-back-office-of-vacation-rentals-management-302894387.html,167,1,1,the AI platform for short-term rentals,for short-term rentals; property managers and hosts,1,1,0,0,0,0,0,0,0,0,1,0,Column,partner,"Guesty is the AI platform for short-term rentals, where a coordinated system of AI agents works across revenue, guest communication, operations, and finance so property managers and hosts can grow without growing complexity."
ORION Security,PR Newswire,2026-09-30,https://www.prnewswire.com/news-releases/orion-security-selected-to-icons-sv101-batch-19-302893817.html,78,1,0,the agentic data loss prevention platform,none named,1,1,0,0,0,0,0,0,0,0,0,0,,,ORION Security is the agentic data loss prevention platform.
Cyolo,PR Newswire,2026-09-30,https://www.prnewswire.com/news-releases/cyolos-ai-alerts-for-risky-activity-set-new-standard-for-real-time-oversight-of-remote-sessions-in-ot-302894103.html,56,1,0,Secure Connectivity Platform for remote privileged access,"critical infrastructure and OT name where connections run, not a customer group",0,0,0,0,0,0,0,0,0,0,0,0,,,Cyolo secures every connection across critical infrastructure and operational technology (OT) with a full-stack Secure Connectivity Platform that unifies remote privileged access and zero trust microsegmentation.
K2 GRC,PR Newswire,2026-09-30,https://www.prnewswire.com/news-releases/k2-grc-introduces-k2-assist-ai-ai-powered-readiness-reviews-and-new-ai-integrations-302893738.html,31,1,0,"integrated platform for governance, risk, compliance and training","organizations (generic); for governance, risk, compliance and training is the product's job",0,0,0,0,0,0,0,0,0,0,0,0,,,"K2 GRC provides an integrated platform for governance, risk, compliance and workforce training, helping organizations manage requirements, policies, evidence, risk and training across frameworks including CMMC, NIST, HIPAA and ISO 27001."
WinMagic,PR Newswire,2026-09-30,https://www.prnewswire.com/news-releases/security-uses-cryptography-in-pieces-winmagic-says-that-gap-is-what-ai-attacks-302894388.html,103,0,0,mission statement,none named,1,0,0,0,0,0,0,0,0,1,0,0,,,WinMagic's mission is to secure the digital world through high standards and strong ethics.
DeepFabric,PR Newswire,2026-09-30,https://www.prnewswire.com/news-releases/twinmed-deploys-five-deepfabric-ai-agents-across-procurement-302894380.html,56,1,1,enterprise-grade AI for supply chains,for supply chains,1,1,0,0,0,0,0,0,0,0,0,0,TwinMed,customer,DeepFabric is enterprise-grade AI for supply chains.
Netwrix,PR Newswire,2026-09-30,https://www.prnewswire.com/news-releases/netwrix-research-79-of-healthcare-organizations-face-security-risks-due-to-gaps-in-governing-ai-agents-and-other-non-human-identities-302894331.html,104,0,0,vision statement,every organization (generic),0,1,1,0,0,0,0,0,0,0,0,1,,,Netwrix's vision is to create a world where every organization has secured its data and identities.
Gluware,PR Newswire,2026-09-30,https://www.prnewswire.com/news-releases/gluware-extends-its-automation-platform-beyond-the-network-to-connected-medical-devices-302893683.html,99,1,0,an intelligent automation platform,"for the Agentic Era (an era, not a market)",0,1,0,0,0,0,1,0,0,0,0,0,,,Gluware is an intelligent automation platform for the Agentic Era™.
Captello,PR Newswire,2026-09-30,https://www.prnewswire.com/news-releases/captello-data-transformation-keeps-enterprise-crm-data-clean-standardized-and-ready-to-act-on-302892583.html,76,1,1,the lead capture system of record,for enterprise event programs,0,1,0,0,1,1,0,0,0,0,0,0,,,"Captello is the lead capture system of record for enterprise event programs, connecting every event interaction to attributable pipeline."
Draup,PR Newswire,2026-09-30,https://www.prnewswire.com/news-releases/draup-report-finds-ai-builder-roles-now-claim-27-of-tech-demand-as-companies-rethink-hiring-302893864.html,45,1,0,an AI workforce transformation platform,none named; for workforce redesign is the product's job,0,1,1,0,0,1,0,0,0,0,0,0,,,Draup is an AI workforce transformation platform backed by world-class labor market intelligence that delivers a quantified roadmap for workforce redesign.
AppZen,PR Newswire,2026-09-30,https://www.prnewswire.com/news-releases/appzen-launches-autonomous-cards-bringing-ai-agents-to-enterprise-card-programs-302886701.html,106,1,0,the leader in autonomous finance operations (a field narrow enough to say what is sold),enterprises (generic),1,1,0,1,0,1,0,0,0,0,0,1,,,"AppZen is the leader in autonomous finance operations, helping enterprises scale accounts payable, expense auditing, and compliance without adding headcount."
SpendHQ,PR Newswire,2026-09-30,https://www.prnewswire.com/news-releases/spendhq-launches-savings-radar-to-proactively-surface-savings-opportunities-for-procurement-teams-302893026.html,76,0,1,helps turn spend into savings; no category,procurement teams,1,1,0,0,0,0,0,0,0,0,0,0,,,"SpendHQ helps procurement teams, including those at the world's most respected companies, turn spend into savings, savings into measurable business impact, and procurement into a competitive advantage."
OuterSignal,PR Newswire,2026-09-30,https://www.prnewswire.com/news-releases/outersignal-raises-22m-series-a-to-bring-agentic-personalization-to-every-consumer-brand-302892586.html,69,1,0,the agentic customer intelligence platform,brands (generic),1,1,0,0,0,0,1,0,1,0,0,0,,,OuterSignal is the agentic customer intelligence platform that tells brands who their customers actually are and activates them 1:1.
TrackVia,PR Newswire,2026-09-30,https://www.prnewswire.com/news-releases/trackvia-launches-next-generation-of-its-ai-ready-field-operations-platform-302893630.html,91,1,0,a Field Operations Intelligence platform,organizations (generic),1,1,0,0,1,0,0,0,0,0,0,0,,,"TrackVia is a Field Operations Intelligence platform that helps organizations connect, control and continuously improve mission-critical operations."
Nudge Security,PR Newswire,2026-09-30,https://www.prnewswire.com/news-releases/nudge-security-unveils-adaptive-risk-management-to-track-how-saas-and-ai-risk-changes-as-usage-evolves-after-approval-302893378.html,94,1,0,SaaS and AI security governance (a field narrow enough to say what is sold),none named,0,1,0,0,1,0,0,0,1,0,1,0,,,"Nudge Security delivers SaaS and AI security governance at the Workforce Edge, where employees make thousands of technology decisions daily."
HighLevel,PR Newswire,2026-09-30,https://www.prnewswire.com/news-releases/highlevel-connects-to-muse-a-new-ai-product-from-meta-bringing-ai-into-everyday-business-workflows-302893786.html,85,0,1,the AI-powered operating system (no job named),"businesses, agencies and founders",0,1,0,0,1,0,0,0,0,0,0,0,,,"HighLevel is the AI-powered operating system for businesses, agencies and founders."
